{"cameraMode":{"drawMode":0,"name":"Shaded","section":"Shading Mode"},"sceneLighting":true,"audioPlay":false,"sceneViewState":{"m_AlwaysRefresh":false,"showFog":true,"showSkybox":true,"showFlares":true,"showImageEffects":true,"showParticleSystems":true,"showVisualEffectGraphs":true,"m_FxEnabled":true},"in2DMode":false,"pivot":{"x":14.760000228881836,"y":-3.1599998474121095,"z":33.599998474121097},"rotation":{"x":0.07768934220075607,"y":0.9056106209754944,"z":-0.18902285397052766,"w":0.3716830015182495},"size":5.229684352874756,"orthographic":false}